title,date,year,venue,type,cited_by_count,co-authors
"Structure-free, site-resolved contrastive learning extends small-molecule discovery beyond the reach of structure-based modeling",2026-07-30,2026,bioRxiv (Cold Spring Harbor Laboratory),preprint,0,William E. Fondrie; Daniele Canzani; Lillian Tatka; J. Sebastian Paez; Anastasiya V. Prymolenna; Andrea Gutierrez; Julia E. Robbins; Brian M. Mcellin; Evan Hubbard; Kyle T. Siebenthall; Lindsay K. Pino; Alexander Joel Federation
MSstatsBioNet: Integrating Statistical Analyses with Prior Knowledge Biomolecular Networks for Quantitative Proteomics and Phosphoproteomics,2026-07-16,2026,bioRxiv (Cold Spring Harbor Laboratory),preprint,0,Anthony Wu; Devon Kohler; Pruthvi Prakash Navada; Julia E. Robbins; Gabriel E. Boyle; Alex Boshart; Klas Karis; Jacques Neefjes; Ana Konvalinka; Jay F. Sarthy; Lindsay K. Pino; Benjamin M. Gyori; Olga Vitek
CpG island density predicts CBP/p300 dependency across 3D chromatin clusters,2026-05-07,2026,bioRxiv (Cold Spring Harbor Laboratory),preprint,1,Md Imdadul H. Khan; Matthew S. Chang; Yaw Asante; Maya Al-Haddad; Teagan Kukhta; Bhavatharini Udhayakumar; Ana María Garzón Porras; Elena-Loredana Rotariu; Saanvi Aneja; Jordyn Kelly; Carrietta Farma-Hai; Kavi Ullal; Diana H. Chin; Alexander J. Federation; Lindsay K. Pino; Julia E. Robbins; Marco Wachtel; Shaun R. Stauffer; Berkley E. Gryder
Carafe2 enables high quality in silico spectral library generation for timsTOF data-independent acquisition proteomics,2026-03-31,2026,bioRxiv (Cold Spring Harbor Laboratory),preprint,2,Bo Wen; Jassir Páez; Chris Hsu; Daniele Canzani; Alexis T. Chang; Nicholas Shulman; Brendan MacLean; Matthew D. Berg; Judit Villén; William E. Fondrie; Lindsay K. Pino; Michael J. MacCoss; William Stafford Noble
Perspectives in computational mass spectrometry: recent developments and key challenges,2025-12-17,2025,Bioinformatics Advances,article,5,Timo T. Sachsenberg; Lindsay K. Pino; Marie A. Brunet; Isabell Bludau; Oliver Kohlbacher; Juan Antonio Vizcaíno; Wout Bittremieux
"Native, Spatiotemporal Profiling of the Global Human Regulome",2025-06-15,2025,bioRxiv (Cold Spring Harbor Laboratory),preprint,0,Lindsay K. Pino; Daniele Canzani; Andrea Gutierrez; Julia E. Robbins; Brian M. Mcellin; Evan Hubbard; Erin Broderick; Anastasiya V. Prymolenna; Lillian Tatka; Sebastian Juan Paez; Gaëlle Mercenne; Kyle T. Siebenthall; William E. Fondrie; Alexander Joel Federation
Neuropeptides specify and reprogram division of labor in the leafcutter ant Atta cephalotes,2025-06-11,2025,Cell,article,14,Michael B. Gilbert; Karl M. Glastad; Maxxum Fioriti; Matan Sorek; Tierney Scarpa; Freddy S Purnell; Daniel C. Xu; Lindsay K. Pino; Anatoly Korotkov; Ali Biashad; Josue Baeza; Richard Lauman; Anastasiia Filippova; Balint Z Kacsoh; Roberto Bonasio; Mackenzie Weygandt Mathis; Benjamin A. Garcia; Andrei Seluanov; Vera Gorbunova; Shelley L. Berger
Covalent Labeling Automated Data Analysis Platform for High Throughput in R (coADAPTr): A Proteome-Wide Data Analysis Platform for Covalent Labeling Experiments,2024-10-02,2024,Journal of the American Society for Mass Spectrometry,article,1,Raquel L. Shortt; Lindsay K. Pino; Emily E. Chea; Carolina Rojas Ramírez; Daniel A. Polasky; Alexey I. Nesvizhskii; Lisa M. Jones
Use of the ‘double diamond’ design framework to nurture creativity in life sciences research,2024-05-21,2024,Trends in Biochemical Sciences,article,16,Yvette Shen; Gundula Bosch; Lindsay K. Pino; Venkat Gopalan
The future role of mass spectrometry in proteomics: Embracing new technologies and building bridges for higher impact,2024-04-11,2024,Journal of Mass Spectrometry,article,1,Lindsay K. Pino
nf-encyclopedia: A Cloud-Ready Pipeline for Chromatogram Library Data-Independent Acquisition Proteomics Workflows,2023-07-07,2023,Journal of Proteome Research,article,7,Carolyn I. Allen; Rico Meinl; Sebastian Juan Paez; Brian C. Searle; Seth Just; Lindsay K. Pino; William E. Fondrie
Expanding the Epitranscriptomic RNA Sequencing and Modification Mapping Mass Spectrometry Toolbox with Field Asymmetric Waveform Ion Mobility and Electrochemical Elution Liquid Chromatography,2023-03-14,2023,Analytical Chemistry,article,6,Richard Lauman; Hee Jong Kim; Lindsay K. Pino; Alessandro Scacchetti; Yixuan Xie; F. Robison; Simone Sidoli; Roberto Bonasio; Benjamin Aaron Garcia
Cross-talk and integrative post-translational modifications,2023-02-01,2023,Molecular Omics,article,1,Si Wu; Lindsay K. Pino
Profiling mouse brown and white adipocytes to identify metabolically relevant small ORFs and functional microproteins,2023-01-01,2023,Cell Metabolism,article,82,Thomas Farid Martinez; Sally Lyons‐Abbott; Angie L. Bookout; Eduardo Vieira de Souza; Cynthia J. Donaldson; Joan M. Vaughan; Calvin J. Lau; Ariel Abramov; Arian F. Baquero; Karalee C. Baquero; Dave Friedrich; Justin N. Huard; Ray Davis; Bong-Chul Kim; Ty Koch; Aaron J. Mercer; Ayesha Misquith; Sara A. Murray; Sakara Perry; Lindsay K. Pino; Christina A. Sanford; Alex Simon; Yu Zhang; Garrett Zipp; Cristiano Valim Bizarro; Maxim Nikolaievich Shokhirev; Andrew J. Whittle; Brian C. Searle; Michael J. MacCoss; Alan Saghatelian; Christopher A. Barnes
A bright future for proteomics of health and disease. Introduction to the US HUPO 2021 themed issue – proteomics from single cell to systems biology in health and disease,2022-09-28,2022,Molecular Omics,article,0,Lindsay K. Pino; Reema Banarjee; Nathan Basisty
Optimization of a processing and analysis workflow for proteome-wide structural biology,2022-02-01,2022,Biophysical Journal,article,0,Raquel L. Shortt; Lisa M. Jones; Lindsay K. Pino
Proximity labeling and other novel mass spectrometric approaches for spatiotemporal protein dynamics,2021-09-02,2021,Expert Review of Proteomics,article,11,Lindsay K. Pino; Birgit Schilling
Role of epigenetics in unicellular to multicellular transition in Dictyostelium,2021-05-04,2021,Genome biology,article,34,Simon Yuan Wang; Elizabeth A. Pollina; I‐Hao Wang; Lindsay K. Pino; Henry L. Bushnell; Ken Takashima; Colette M. Fritsche; George Sabin; Benjamin Aaron Garcia; Paul L. Greer; Eric Lieberman Greer
Improved SILAC Quantification with Data-Independent Acquisition to Investigate Bortezomib-Induced Protein Degradation,2021-03-25,2021,Journal of Proteome Research,article,71,Lindsay K. Pino; Josue Baeza; Richard Lauman; Birgit Schilling; Benjamin Aaron Garcia
Emerging mass spectrometry-based proteomics methodologies for novel biomedical applications,2020-10-20,2020,Biochemical Society Transactions,article,38,Lindsay K. Pino; Jacob Rose; Amy O’Broin; Samah Shah; Birgit Schilling
Late-life restoration of mitochondrial function reverses cardiac dysfunction in old mice,2020-07-10,2020,eLife,article,135,Ying Ann Chiao; Huiliang Zhang; Mariya T. Sweetwyne; Jeremy D. Whitson; Ying Sonia Ting; Nathan Basisty; Lindsay K. Pino; Ellen K. Quarles; Ngoc-Han Thi Nguyen; Matthew D. Campbell; Tong Zhang; Matthew J. Gaffrey; Gennifer E. Merrihew; Lu Wang; Yongping Yue; Dongsheng Duan; Henk L. M. Granzier; Hazel H. Szeto; Weijun Qian; David Joseph Marcinek; Michael J. MacCoss; Peter S. Rabinovitch
Acquiring and Analyzing Data Independent Acquisition Proteomics Experiments without Spectrum Libraries,2020-04-20,2020,Molecular & Cellular Proteomics,article,329,Lindsay K. Pino; Seth Just; Michael J. MacCoss; Brian C. Searle
Matrix-Matched Calibration Curves for Assessing Analytical Figures of Merit in Quantitative Proteomics,2020-02-10,2020,Journal of Proteome Research,article,83,Lindsay K. Pino; Brian C. Searle; Han-Yin Yang; Andrew N. Hoofnagle; William Stafford Noble; Michael J. MacCoss
Highly Parallel Quantification and Compartment Localization of Transcription Factors and Nuclear Proteins,2020-02-01,2020,Cell Reports,article,45,Alexander Joel Federation; Vivek Nandakumar; Brian C. Searle; Andrew B. Stergachis; Hao Wang; Lindsay K. Pino; Gennifer E. Merrihew; Ying Sonia Ting; Nicholas Howard; Tanya Kutyavin; Michael J. MacCoss; John A. Stamatoyannopoulos
Team COUNCIL OF RICKS submission for EUPA YPIC 2017,2019-10-16,2019,EuPA Open Proteomics,article,0,Lindsay K. Pino; Brian C. Searle; Han-Yin Yang
2018 YPIC Challenge: A Case Study in Characterizing an Unknown Protein Sample,2019-09-26,2019,Journal of Proteome Research,article,7,Lindsay K. Pino; Andy Lin; Wout Bittremieux
Chromatogram libraries improve peptide detection and quantification by data independent acquisition mass spectrometry,2018-12-03,2018,Nature Communications,article,601,Brian C. Searle; Lindsay K. Pino; Jarrett D. Egertson; Ying Sonia Ting; Robert Lawrence; Brendan MacLean; Judit Villén; Michael J. MacCoss
Calibration Using a Single-Point External Reference Material Harmonizes Quantitative Mass Spectrometry Proteomics Data between Platforms and Laboratories,2018-10-11,2018,Analytical Chemistry,article,39,Lindsay K. Pino; Brian C. Searle; Eric L. Huang; William Stafford Noble; Andrew N. Hoofnagle; Michael J. MacCoss
Nonlinear Regression Improves Accuracy of Characterization of Multiplexed Mass Spectrometric Assays,2018-02-12,2018,Molecular & Cellular Proteomics,article,26,Cyril Galitzine; Jarrett D. Egertson; Susan E. Abbatiello; Clark M. Henderson; Lindsay K. Pino; Michael J. MacCoss; Andrew N. Hoofnagle; Olga Vitek
The Skyline ecosystem: Informatics for quantitative mass spectrometry proteomics,2017-07-09,2017,Mass Spectrometry Reviews,article,919,Lindsay K. Pino; Brian C. Searle; James G. Bollinger; Brook L. Nunn; Brendan MacLean; Michael J. MacCoss
Reduced-representation Phosphosignatures Measured by Quantitative Targeted MS Capture Cellular States and Enable Large-scale Comparison of Drug-induced Phenotypes,2016-05-01,2016,Molecular & Cellular Proteomics,article,103,Jennifer G. Abelin; Jinal Patel; Xiaodong Lu; Caitlin M. Feeney; Lọla Fagbami; Amanda L. Creech; Roger Hu; Daniel Lam; Desiree Davison; Lindsay K. Pino; Jana Qiao; Eric W. Kuhn; Adam Officer; Jianxue Li; Susan E. Abbatiello; Aravind N. Subramanian; Richard L. Sidman; Evan Snyder; Steven A. Carr; Jacob D. Jaffe
